n,p,DPAvgValidPaths,DPAvgOptimalPaths,RecAvgValidPaths,RecAvgOptimalPaths
1000,0.000000,2874513998398909440.000000,2.000000,0.000000,0.000000
